REAL-WORK	EnterpriseBench	EnterpriseBench-0fx	new=0
REAL-WORK	EnterpriseBench	EnterpriseBench-30d6	new=2
REAL-WORK	EnterpriseBench	EnterpriseBench-3psg	new=2
REAL-WORK	EnterpriseBench	EnterpriseBench-4p5k	new=19
REAL-WORK	EnterpriseBench	EnterpriseBench-4sif	new=2
REAL-WORK	EnterpriseBench	EnterpriseBench-639lv	new=2
REAL-WORK	EnterpriseBench	EnterpriseBench-6ca3n	new=2
REAL-WORK	EnterpriseBench	EnterpriseBench-6gmu	new=1
REAL-WORK	EnterpriseBench	EnterpriseBench-6plb	new=3
REAL-WORK	EnterpriseBench	EnterpriseBench-78zt5	new=5
REAL-WORK	EnterpriseBench	EnterpriseBench-7en	new=0
REAL-WORK	EnterpriseBench	EnterpriseBench-859y	new=1
REAL-WORK	EnterpriseBench	EnterpriseBench-8o9xs	new=1
REAL-WORK	EnterpriseBench	EnterpriseBench-8qya.1	new=3
REAL-WORK	EnterpriseBench	EnterpriseBench-8xsk5	new=4
REAL-WORK	EnterpriseBench	EnterpriseBench-bt6	new=0
REAL-WORK	EnterpriseBench	EnterpriseBench-cdzi	new=37
REAL-WORK	EnterpriseBench	EnterpriseBench-cxa	new=0
REAL-WORK	EnterpriseBench	EnterpriseBench-eemk	new=1
REAL-WORK	EnterpriseBench	EnterpriseBench-hktt	new=1
REAL-WORK	EnterpriseBench	EnterpriseBench-hpcsv	new=4
REAL-WORK	EnterpriseBench	EnterpriseBench-i02m	new=2
REAL-WORK	EnterpriseBench	EnterpriseBench-i02m.1	new=2
REAL-WORK	EnterpriseBench	EnterpriseBench-jma9y	new=2
REAL-WORK	EnterpriseBench	EnterpriseBench-jn73.1	new=1
REAL-WORK	EnterpriseBench	EnterpriseBench-jn73.10	new=4
REAL-WORK	EnterpriseBench	EnterpriseBench-jn73.2	new=22
REAL-WORK	EnterpriseBench	EnterpriseBench-jn73.2.7	new=9
REAL-WORK	EnterpriseBench	EnterpriseBench-jn73.2.7.3.1.4	new=2
REAL-WORK	EnterpriseBench	EnterpriseBench-k6p	new=1
REAL-WORK	EnterpriseBench	EnterpriseBench-keaq	new=2
REAL-WORK	EnterpriseBench	EnterpriseBench-nl5j	new=1
REAL-WORK	EnterpriseBench	EnterpriseBench-ose	new=0
REAL-WORK	EnterpriseBench	EnterpriseBench-oufb	new=5
REAL-WORK	EnterpriseBench	EnterpriseBench-qx4pg	new=10
REAL-WORK	EnterpriseBench	EnterpriseBench-rryas.12	new=2
REAL-WORK	EnterpriseBench	EnterpriseBench-s1o2n	new=3
REAL-WORK	EnterpriseBench	EnterpriseBench-s4a2	new=1
REAL-WORK	EnterpriseBench	EnterpriseBench-u3jb	new=0
REAL-WORK	EnterpriseBench	EnterpriseBench-vp7	new=0
REAL-WORK	EnterpriseBench	EnterpriseBench-wgma	new=1
REAL-WORK	EnterpriseBench	EnterpriseBench-y50	new=0
REAL-WORK	EnterpriseBench	EnterpriseBench-yli6k	new=2
REAL-WORK	EnterpriseBench	EnterpriseBench-zafm	new=1
REAL-WORK	EnterpriseBench	agent-a2d746ee838a4052a	new=1
REAL-WORK	EnterpriseBench	agent-a4783f06e62cc54fd	new=1
REAL-WORK	EnterpriseBench	agent-af2e4b65208b71ffc	new=1
REAL-WORK	EnterpriseBench	EnterpriseBench-8cc10	new=2
REAL-WORK	EnterpriseBench	EnterpriseBench-vdeyx	new=4
REAL-WORK	EnterpriseBench	EnterpriseBench-0ycq6	new=1
REAL-WORK	EnterpriseBench	EnterpriseBench-nzcv	new=1
REAL-WORK	EnterpriseBench	EnterpriseBench-0nru	new=5
REAL-WORK	EnterpriseBench	EnterpriseBench-2hum	new=2
REAL-WORK	EnterpriseBench	EnterpriseBench-crryp	new=1
REAL-WORK	EnterpriseBench	EnterpriseBench-d0jih	new=2
REAL-WORK	EnterpriseBench	EnterpriseBench-d900w	new=2
REAL-WORK	EnterpriseBench	EnterpriseBench-njqo4	new=2
REAL-WORK	EnterpriseBench	EnterpriseBench-o4ary	new=3
REAL-WORK	EnterpriseBench	EnterpriseBench-o6bom	new=1
REAL-WORK	EnterpriseBench	EnterpriseBench-wv6bp	new=3
REAL-WORK	EnterpriseBench	pre	new=11
REAL-WORK	EnterpriseBench	pre2	new=14
REAL-WORK	EnterpriseBench	tip-2aa3494	new=3
REAL-WORK	EnterpriseBench	probe-a669204	new=4
REAL-WORK	EnterpriseBench	branch-d45a4ea	new=1
REAL-WORK	EnterpriseBench	final-f0414e1	new=1
REAL-WORK	EnterpriseBench	tip-2aa3494	new=3
REAL-WORK	EnterpriseBench	old	new=6
REAL-WORK	mem	mem-0ak9z	new=4
REAL-WORK	mem	mem-0b2o	new=1
REAL-WORK	mem	mem-0rrf.8	new=2
REAL-WORK	mem	mem-31xp	new=1
REAL-WORK	mem	mem-3ab	new=1
REAL-WORK	mem	mem-4esz	new=1
REAL-WORK	mem	mem-4so2-run	new=2
REAL-WORK	mem	mem-58rp	new=2
REAL-WORK	mem	mem-6bsd	new=6
REAL-WORK	mem	mem-75t.12	new=1
REAL-WORK	mem	mem-75t.13	new=1
REAL-WORK	mem	mem-75t.14	new=1
REAL-WORK	mem	mem-75t.15	new=1
REAL-WORK	mem	mem-8qs6	new=1
REAL-WORK	mem	mem-ap16	new=1
REAL-WORK	mem	mem-apg.10	new=1
REAL-WORK	mem	mem-apg.12	new=1
REAL-WORK	mem	mem-ax3e	new=3
REAL-WORK	mem	mem-cv06b	new=5
REAL-WORK	mem	mem-d8mk	new=1
REAL-WORK	mem	mem-e3h2	new=4
REAL-WORK	mem	mem-ebz4	new=2
REAL-WORK	mem	mem-f2vi-grid	new=6
REAL-WORK	mem	mem-g2ybv	new=2
REAL-WORK	mem	mem-gvpa	new=2
REAL-WORK	mem	mem-hd7f	new=1
REAL-WORK	mem	mem-hv9l.1	new=3
REAL-WORK	mem	mem-i54s	new=1
REAL-WORK	mem	mem-k1a2i	new=0
REAL-WORK	mem	mem-koqed	new=0
REAL-WORK	mem	mem-l23	new=1
REAL-WORK	mem	mem-lobt	new=2
REAL-WORK	mem	mem-lt6u	new=2
REAL-WORK	mem	mem-ltte.1	new=1
REAL-WORK	mem	mem-ltte.2	new=1
REAL-WORK	mem	mem-ltte.3	new=2
REAL-WORK	mem	mem-ltte.4	new=2
REAL-WORK	mem	mem-ltte.5	new=5
REAL-WORK	mem	mem-ltte.7	new=6
REAL-WORK	mem	mem-lug	new=1
REAL-WORK	mem	mem-lvp.6	new=1
REAL-WORK	mem	mem-lvp.6.1	new=1
REAL-WORK	mem	mem-lxs1	new=6
REAL-WORK	mem	mem-ms4c	new=5
REAL-WORK	mem	mem-ovi	new=1
REAL-WORK	mem	mem-pjh8	new=6
REAL-WORK	mem	mem-pjh8.2	new=6
REAL-WORK	mem	mem-riet	new=7
REAL-WORK	mem	mem-rk41.3.2.1	new=2
REAL-WORK	mem	mem-sagv	new=1
REAL-WORK	mem	mem-t81u1	new=3
REAL-WORK	mem	mem-thbg	new=2
REAL-WORK	mem	mem-ufr4l	new=5
REAL-WORK	mem	mem-wanz.2	new=1
REAL-WORK	mem	mem-wanz.9	new=1
REAL-WORK	mem	mem-whi	new=1
REAL-WORK	mem	mem-wwsle	new=4
REAL-WORK	mem	mem-xw1u	new=3
REAL-WORK	mem	mem-z2c2	new=4
REAL-WORK	mem	agent-a0d96394d12c5ba40	new=6
REAL-WORK	mem	lvp24-integration	new=6
REAL-WORK	mem	wf_98e66cc4-e26-1	new=1
REAL-WORK	mem	wf_98e66cc4-e26-2	new=1
REAL-WORK	mem	mem-j5l9j	new=5
REAL-WORK	mem	mem-wo4jt	new=4
REAL-WORK	scix_experiments	scix_experiments-50ww	new=2
REAL-WORK	scix_experiments	scix_experiments-9afa	new=1
REAL-WORK	scix_experiments	scix_experiments-cfc8	new=2
REAL-WORK	scix_experiments	scix_experiments-chg	new=1
REAL-WORK	scix_experiments	scix_experiments-dbl.10	new=1
REAL-WORK	scix_experiments	scix_experiments-dbl.16	new=1
REAL-WORK	scix_experiments	scix_experiments-dbl.24	new=3
REAL-WORK	scix_experiments	scix_experiments-e4xv	new=1
REAL-WORK	scix_experiments	scix_experiments-h2sj	new=2
REAL-WORK	scix_experiments	scix_experiments-isve	new=1
REAL-WORK	scix_experiments	scix_experiments-o9ib	new=2
REAL-WORK	scix_experiments	scix_experiments-ppw5	new=1
REAL-WORK	scix_experiments	scix_experiments-rglt	new=1
REAL-WORK	scix_experiments	scix_experiments-xoas.1	new=0
REAL-WORK	scix_experiments	scix_experiments-xoas.2	new=0
REAL-WORK	scix_experiments	scix_experiments-xz4.9	new=8
REAL-WORK	code-intelligence-digest	code-intelligence-digest-intel-digest-0hw	new=65
REAL-WORK	code-intelligence-digest	code-intel-digest-worker-1	new=2
REAL-WORK	code-intelligence-digest	code-intel-digest-6cj	new=1
REAL-WORK	code-intelligence-digest	code-intel-digest-c8r	new=11
REAL-WORK	code-intelligence-digest	code-intel-digest-dv0.1	new=3
REAL-WORK	code-intelligence-digest	code-intel-digest-dv0.5.7	new=4
REAL-WORK	code-intelligence-digest	code-intel-digest-ft3	new=5
REAL-WORK	code-intelligence-digest	code-intel-digest-fzm	new=1
REAL-WORK	code-intelligence-digest	code-intel-digest-hvj	new=6
REAL-WORK	code-intelligence-digest	code-intel-digest-i4t.4	new=1
REAL-WORK	code-intelligence-digest	code-intel-digest-iwu	new=4
REAL-WORK	code-intelligence-digest	code-intel-digest-ixc.2	new=3
REAL-WORK	code-intelligence-digest	code-intel-digest-m2j	new=2
REAL-WORK	code-intelligence-digest	code-intel-digest-p2p	new=4
REAL-WORK	code-intelligence-digest	code-intel-digest-qcu	new=4
REAL-WORK	code-intelligence-digest	code-intel-digest-xeh	new=1
REAL-WORK	code-intelligence-digest	code-intel-digest-xxc	new=3
REAL-WORK	code-intelligence-digest	code-intel-digest-zh1	new=10
REAL-WORK	migration-evals	migration-evals-cut	new=1
REAL-WORK	migration-evals	agent-a80e36b2f4014d0a7	new=0
REAL-WORK	migration-evals	agent-aa71d3f52d8772322	new=0
REAL-WORK	migration-evals	agent-ab37156d13f7a2609	new=1
REAL-WORK	migration-evals	agent-ab8c7e43f24525c9a	new=0
REAL-WORK	migration-evals	agent-ad44913a21bb43db4	new=0
REAL-WORK	codeprobe	codeprobe-77z	new=1
REAL-WORK	codeprobe	codeprobe-b9c	new=2
REAL-WORK	codeprobe	codeprobe-u7l	new=3
REAL-WORK	codeprobe	codeprobe-qn2f	new=4
REAL-WORK	CodeScaleBench	agent-a3535612730d1d4c2	new=2
REAL-WORK	CodeScaleBench	co-j2de	new=1
